BucketName,PublicReadAccess
1set2,No
aws-athena-query-results-us-east-1-416207743258,No
aws-cloudtrail-logs-416207743258-832e6fa2,No
aws-cloudtrail-logs-416207743258-9affd9a6,No
aws-cloudtrail-logs-416207743258-d52568c9,No
aws-sso-migration-ttn-ext-org,No
buck-9012,No
bucket-for-sso-data-adityaajay,No
central-cloudtrail-logs-bucket-416207743258,No
cf-templates-1svyd0r718srg-ap-south-1,No
cf-templates-1svyd0r718srg-us-east-1,No
cfn-template-cloudkeeper-onboarding,No
ck-lens-22699-aslf7asfn,No
ck-s3-payerautomation-externalpoc,No
cloudfront-source-demo-bucket,No
cloudtrail-log-query-table,No
cloudtrail-logs-12345654321,No
cloudtrail-logs-trail-02,No
config-bucket-416207743258,No
csv-cur-ttn-poc-ttn-org-pocs,No
cur-bucket-for-nops,No
datadogintegration-forwarderstack-forwarderbucket-qw5vcytds9nu,No
demobucketforckextension,No
dummmy--bucket,No
parquet-cur-ttn-poc-ttn-org-pocs,No
public-bucket-test.1,No
rate-limit-bucket-cf,No
sso-data-bucket,No
tagcomplianceadityaajaypoc,No
test-s3-public-1,No
testing-bucket-replication,No
war-script-test,No
