BucketName,BlockPublicAccess,PublicReadAccess,PublicWriteAccess
1set2,Disabled,No,No
aws-athena-query-results-us-east-1-416207743258,Enabled,No,No
aws-cloudtrail-logs-416207743258-832e6fa2,Enabled,No,No
aws-cloudtrail-logs-416207743258-9affd9a6,Enabled,No,No
aws-cloudtrail-logs-416207743258-d52568c9,Enabled,No,No
aws-sso-migration-ttn-ext-org,Enabled,No,No
buck-9012,Enabled,No,No
bucket-for-sso-data-adityaajay,Disabled,No,No
central-cloudtrail-logs-bucket-416207743258,Enabled,No,No
cf-templates-1svyd0r718srg-ap-south-1,Enabled,No,No
cf-templates-1svyd0r718srg-us-east-1,Enabled,No,No
cfn-template-cloudkeeper-onboarding,Enabled,No,No
ck-lens-22699-aslf7asfn,Enabled,No,No
ck-s3-payerautomation-externalpoc,Enabled,No,No
cloudfront-source-demo-bucket,Enabled,No,No
cloudtrail-log-query-table,Enabled,No,No
cloudtrail-logs-12345654321,Enabled,No,No
cloudtrail-logs-trail-02,Enabled,No,No
config-bucket-416207743258,Enabled,No,No
csv-cur-ttn-poc-ttn-org-pocs,Disabled,No,No
cur-bucket-for-nops,Enabled,No,No
datadogintegration-forwarderstack-forwarderbucket-qw5vcytds9nu,Enabled,No,No
demobucketforckextension,Enabled,No,No
dummmy--bucket,Enabled,No,No
parquet-cur-ttn-poc-ttn-org-pocs,Disabled,No,No
public-bucket-test.1,Enabled,No,No
rate-limit-bucket-cf,Disabled,No,No
sso-data-bucket,Enabled,No,No
tagcomplianceadityaajaypoc,Enabled,No,No
test-s3-public-1,Enabled,No,No
testing-bucket-replication,Enabled,No,No
war-script-test,Enabled,No,No
