BucketName,EncryptionStatus
1set2,Default encryption (SSE-S3) found
1set3,Default encryption (SSE-S3) found
1set4,Default encryption (SSE-S3) found
1set5,Default encryption (SSE-S3) found
1set6,Default encryption (SSE-S3) found
1set7,Default encryption (SSE-S3) found
aws-athena-query-results-us-east-1-416207743258,Default encryption (SSE-S3) found
aws-cloudtrail-logs-416207743258-034eb8d5,Default encryption (SSE-S3) found
aws-cloudtrail-logs-416207743258-832e6fa2,Default encryption (SSE-S3) found
aws-cloudtrail-logs-416207743258-9affd9a6,Default encryption (SSE-S3) found
aws-cloudtrail-logs-416207743258-d52568c9,Default encryption (SSE-S3) found
aws-cloudtrail-logs-416207743258-eaa70b7b,Default encryption (SSE-S3) found
aws-cloudtrail-logs-sg-test,Default encryption (SSE-S3) found
aws-sso-migration-ttn-ext-org,Default encryption (SSE-S3) found
buck-9012,Default encryption (SSE-S3) found
bucket-for-sso-data-adityaajay,Default encryption (SSE-S3) found
central-cloudtrail-logs-bucket-416207743258,Default encryption (SSE-S3) found
cf-templates-1svyd0r718srg-ap-south-1,Default encryption (SSE-S3) found
cf-templates-1svyd0r718srg-us-east-1,Default encryption (SSE-S3) found
cfn-template-cloudkeeper-onboarding,Default encryption (SSE-S3) found
ck-lens-22699-aslf7asfn,Default encryption (SSE-S3) found
ck-s3-payerautomation-externalpoc,Default encryption (SSE-S3) found
cloudfront-source-demo-bucket,Default encryption (SSE-S3) found
cloudtrail-log-query-table,Default encryption (SSE-S3) found
cloudtrail-logs-12345654321,Default encryption (SSE-S3) found
cloudtrail-logs-trail-02,Default encryption (SSE-S3) found
config-bucket-416207743258,Default encryption (SSE-S3) found
csv-cur-ttn-poc-ttn-org-pocs,Default encryption (SSE-S3) found
cur-bucket-for-nops,Default encryption (SSE-S3) found
datadogintegration-forwarderstack-forwarderbucket-qw5vcytds9nu,Default encryption (SSE-S3) found
demobucketforckextension,Default encryption (SSE-S3) found
dummmy--bucket,Default encryption (SSE-S3) found
lifecycle1111,Default encryption (SSE-S3) found
parquet-cur-ttn-poc-ttn-org-pocs,Default encryption (SSE-S3) found
public-bucket-test.1,Default encryption (SSE-S3) found
rate-limit-bucket-cf,Default encryption (SSE-S3) found
sso-data-bucket,Default encryption (SSE-S3) found
tagcomplianceadityaajaypoc,Default encryption (SSE-S3) found
test-s3-public-1,Default encryption (SSE-S3) found
testing-bucket-replication,Default encryption (SSE-S3) found
war-script-test,Default encryption (SSE-S3) found
